[{"id":1,"first_name":"Hoyt","last_name":"Drohan","email":"hdrohan0@miitbeian.gov.cn","gender":"Female"},
{"id":2,"first_name":"Malanie","last_name":"Hardacre","email":"mhardacre1@issuu.com","gender":"Female"},
{"id":3,"first_name":"Audi","last_name":"Scoullar","email":"ascoullar2@mac.com","gender":"Female"},
{"id":4,"first_name":"Avram","last_name":"Chazotte","email":"achazotte3@hhs.gov","gender":"Female"},
{"id":5,"first_name":"Jerrilee","last_name":"Spurriar","email":"jspurriar4@nbcnews.com","gender":"Female"},
{"id":6,"first_name":"Yoko","last_name":"Prickett","email":"yprickett5@infoseek.co.jp","gender":"Bigender"},
{"id":7,"first_name":"Xylina","last_name":"Crow","email":"xcrow6@shutterfly.com","gender":"Female"},
{"id":8,"first_name":"Trina","last_name":"Parradice","email":"tparradice7@cpanel.net","gender":"Female"},
{"id":9,"first_name":"Jenny","last_name":"Iveson","email":"jiveson8@nationalgeographic.com","gender":"Female"},
{"id":10,"first_name":"Tamarah","last_name":"Blainey","email":"tblainey9@irs.gov","gender":"Female"},
{"id":11,"first_name":"Noami","last_name":"Hegarty","email":"nhegartya@icio.us","gender":"Female"},
{"id":12,"first_name":"Indira","last_name":"Janicijevic","email":"ijanicijevicb@trellian.com","gender":"Male"},
{"id":13,"first_name":"Smitty","last_name":"Torvey","email":"storveyc@yahoo.com","gender":"Female"},
{"id":14,"first_name":"Cindie","last_name":"Silly","email":"csillyd@usgs.gov","gender":"Male"},
{"id":15,"first_name":"Tobie","last_name":"Vasyunin","email":"tvasyunine@uiuc.edu","gender":"Male"},
{"id":16,"first_name":"Georgeta","last_name":"Mangin","email":"gmanginf@ox.ac.uk","gender":"Male"},
{"id":17,"first_name":"Abigale","last_name":"Chalmers","email":"achalmersg@networkadvertising.org","gender":"Male"},
{"id":18,"first_name":"Ganny","last_name":"Gamil","email":"ggamilh@usgs.gov","gender":"Male"},
{"id":19,"first_name":"Kaiser","last_name":"Hoyes","email":"khoyesi@wp.com","gender":"Polygender"},
{"id":20,"first_name":"Ange","last_name":"Vasyunkin","email":"avasyunkinj@statcounter.com","gender":"Male"},
{"id":21,"first_name":"Tamarah","last_name":"Samples","email":"tsamplesk@cnet.com","gender":"Male"},
{"id":22,"first_name":"Eulalie","last_name":"Crates","email":"ecratesl@goo.gl","gender":"Female"},
{"id":23,"first_name":"Artie","last_name":"MacCoveney","email":"amaccoveneym@yellowbook.com","gender":"Female"},
{"id":24,"first_name":"Drake","last_name":"Jakoubek","email":"djakoubekn@forbes.com","gender":"Bigender"},
{"id":25,"first_name":"Dael","last_name":"Gilffilland","email":"dgilffillando@cpanel.net","gender":"Polygender"},
{"id":26,"first_name":"Eduard","last_name":"Stogill","email":"estogillp@facebook.com","gender":"Female"},
{"id":27,"first_name":"Conchita","last_name":"Yarrall","email":"cyarrallq@hao123.com","gender":"Female"},
{"id":28,"first_name":"Mignon","last_name":"Sieghart","email":"msieghartr@360.cn","gender":"Female"},
{"id":29,"first_name":"Claudell","last_name":"Meadows","email":"cmeadowss@liveinternet.ru","gender":"Female"},
{"id":30,"first_name":"Ofilia","last_name":"Losselyong","email":"olosselyongt@dyndns.org","gender":"Female"},
{"id":31,"first_name":"Nikita","last_name":"Woodeson","email":"nwoodesonu@fastcompany.com","gender":"Male"},
{"id":32,"first_name":"Rad","last_name":"Prinett","email":"rprinettv@opera.com","gender":"Male"},
{"id":33,"first_name":"Leela","last_name":"Wellfare","email":"lwellfarew@weebly.com","gender":"Female"},
{"id":34,"first_name":"Sunny","last_name":"Dacre","email":"sdacrex@creativecommons.org","gender":"Female"},
{"id":35,"first_name":"Howard","last_name":"Ricket","email":"hrickety@state.tx.us","gender":"Male"},
{"id":36,"first_name":"Boris","last_name":"Augar","email":"baugarz@sbwire.com","gender":"Male"},
{"id":37,"first_name":"Gerard","last_name":"Greason","email":"ggreason10@prweb.com","gender":"Male"},
{"id":38,"first_name":"Darill","last_name":"Strike","email":"dstrike11@cdbaby.com","gender":"Male"},
{"id":39,"first_name":"Bobbie","last_name":"Jencken","email":"bjencken12@mapy.cz","gender":"Male"},
{"id":40,"first_name":"Delbert","last_name":"Beane","email":"dbeane13@comsenz.com","gender":"Male"},
{"id":41,"first_name":"Jules","last_name":"Zanardii","email":"jzanardii14@t.co","gender":"Male"},
{"id":42,"first_name":"Malorie","last_name":"Stoney","email":"mstoney15@bravesites.com","gender":"Agender"},
{"id":43,"first_name":"Ardeen","last_name":"Red","email":"ared16@soup.io","gender":"Female"},
{"id":44,"first_name":"Pennie","last_name":"Epine","email":"pepine17@printfriendly.com","gender":"Genderfluid"},
{"id":45,"first_name":"Granthem","last_name":"Wapple","email":"gwapple18@networkadvertising.org","gender":"Male"},
{"id":46,"first_name":"Alwyn","last_name":"MacCome","email":"amaccome19@unicef.org","gender":"Female"},
{"id":47,"first_name":"Dalila","last_name":"Burthom","email":"dburthom1a@hugedomains.com","gender":"Male"},
{"id":48,"first_name":"Karil","last_name":"Pafford","email":"kpafford1b@state.tx.us","gender":"Male"},
{"id":49,"first_name":"Linn","last_name":"Carrodus","email":"lcarrodus1c@dagondesign.com","gender":"Female"},
{"id":50,"first_name":"Amelie","last_name":"Johnigan","email":"ajohnigan1d@purevolume.com","gender":"Female"}]